日期,a_仅0时,b_加6时,c_加6时12时,d_全调整,e_完全信息
2025-02-01,26208.0824,29364.6887,25846.9089,25846.9089,19828.1347
2025-02-02,56115.2719,55595.8972,55384.5136,55384.5136,51699.2683
2025-02-03,56699.5594,57896.7910,57886.9227,57886.9227,52988.7863
2025-02-04,58017.9826,57711.4980,58521.8700,58521.8700,53937.7391
2025-02-05,58510.7932,56358.8710,56387.6623,56387.6623,53301.7767
2025-02-06,58422.7646,57666.3861,58311.1662,58311.1662,52996.1932
2025-02-07,22349.9165,21862.6896,21974.4788,21974.4788,19351.5220
2025-02-08,29843.1536,21777.0824,22245.7953,22245.7953,18783.4904
2025-02-09,57839.6795,56850.5647,55998.6276,55998.6276,52397.1652
2025-02-10,52744.7174,61152.9430,53524.1608,53524.1608,48655.7447
2025-02-11,56491.2462,55633.0829,55338.8291,55338.8291,49476.0567
2025-02-12,53240.1922,56702.6910,56616.3626,56616.3626,49655.1991
2025-02-13,51282.5915,53657.7148,51497.0802,51497.0802,46534.2175
2025-02-14,26554.2105,21367.7656,21280.2201,21280.2201,18419.3506
2025-02-15,23308.1475,25765.2759,22652.4851,22652.4851,18455.0983
2025-02-16,53627.4890,58929.0421,59476.6756,59476.6756,49331.0396
2025-02-17,53295.8750,51584.9792,53250.9582,53250.9582,46240.7399
2025-02-18,56307.8032,54337.8580,51879.1143,51879.1143,46947.8693
2025-02-19,54124.1806,54522.7558,53027.1293,53027.1293,47823.0147
2025-02-20,50738.4615,52225.6003,51428.4190,51428.4190,46215.6837
2025-02-21,23417.3254,19967.6094,19658.5402,19658.5402,17519.1205
2025-02-22,21165.1966,20584.1072,21198.2980,21198.2980,17731.5029
2025-02-23,52344.7675,51420.2493,52024.3519,52024.3519,46422.3819
2025-02-24,52114.3211,49242.0432,48787.8592,48787.8592,44335.7846
2025-02-25,49095.8662,48727.1184,49171.0909,49171.0909,42819.9710
2025-02-26,55465.2160,51315.8456,49556.6054,49556.6054,44569.2221
2025-02-27,49831.6140,49000.5896,47966.2474,47966.2474,44034.2414
2025-02-28,22406.3473,20828.2713,20216.8096,20216.8096,16967.9402
2025-03-01,18493.9512,24352.4937,21999.4551,21999.4551,16512.2926
2025-03-02,53519.7791,51314.3341,50806.8213,50806.8213,47194.6925
2025-03-03,54337.6844,56824.8033,53870.3853,53870.3853,47149.5962
2025-03-04,54887.1417,51910.0361,50617.2734,50617.2734,44760.0300
2025-03-05,47346.7921,47631.7237,49462.6363,49462.6363,42773.4643
2025-03-06,49749.4314,49070.9707,47001.2735,47001.2735,42638.6249
2025-03-07,18501.9695,21644.8311,19924.9145,19924.9145,15754.9224
2025-03-08,19522.0501,19585.8727,17542.3588,17542.3588,15838.8907
2025-03-09,48186.1090,53925.1563,46960.3282,46960.3282,40994.2287
2025-03-10,51343.4751,51548.6936,48064.4704,48064.4704,43615.8268
2025-03-11,62337.8159,47565.1521,48100.7956,48100.7956,41183.6065
2025-03-12,44413.8097,54788.1585,45459.2307,45459.2307,40329.5988
2025-03-13,51559.8286,46687.2320,46825.1022,46825.1022,43445.2531
2025-03-14,20088.9868,20574.5618,19379.5726,19379.5726,15254.4285
2025-03-15,18515.3888,17165.7067,16905.2186,16905.2186,15666.2210
2025-03-16,47732.4945,45074.4478,44621.4579,44621.4579,40634.9811
2025-03-17,44248.3397,52973.9647,44836.8183,44836.8183,37331.5163
2025-03-18,44417.9877,44197.5722,44172.9690,44172.9690,39359.9371
2025-03-19,54949.9260,45882.7983,45256.1146,45256.1146,38367.9664
2025-03-20,52785.6422,59909.3737,50206.2807,50206.2807,40020.3821
2025-03-21,20233.7342,19518.6200,17776.9302,17776.9302,14801.7113
2025-03-22,15746.4137,19606.1741,17094.6723,17094.6723,14647.3243
2025-03-23,42696.2633,41647.1066,41806.3545,41806.3545,37678.0464
2025-03-24,40747.4939,41679.9628,41590.6854,41590.6854,37397.9241
2025-03-25,44638.9693,53774.5294,45994.0630,45994.0630,39103.5413
2025-03-26,43856.9267,39293.7018,40229.2400,40229.2400,35901.1577
2025-03-27,40696.8741,44714.9081,45342.7778,45342.7778,37654.8332
2025-03-28,17611.6041,16469.7050,15451.4177,15451.4177,14252.8110
2025-03-29,17908.9977,16700.3840,15989.7730,15989.7730,14442.4398
2025-03-30,41996.6252,43080.9406,45203.2377,45203.2377,35528.5706
2025-03-31,53648.2915,42532.6569,42349.0855,42349.0855,36454.0381
2025-04-01,43899.4356,42660.3899,42114.2282,42114.2282,38044.8898
2025-04-02,43857.8176,41396.6454,41643.2485,41643.2485,38300.2155
2025-04-03,41129.8541,40369.5204,39783.4071,39783.4071,36003.7149
2025-04-04,14700.3093,17477.7224,15965.1112,15965.1112,13527.3262
2025-04-05,22778.0704,18014.5477,18108.6411,18108.6411,13852.3827
2025-04-06,39721.8290,42354.1129,39228.0068,39228.0068,34935.6450
2025-04-07,49993.9049,38727.6139,39112.9069,39112.9069,34042.5689
2025-04-08,40583.4814,41398.9702,40896.8382,40896.8382,35220.7062
2025-04-09,47522.7851,41620.6667,41554.1139,41554.1139,37322.3242
2025-04-10,41207.3886,39930.0335,42053.2912,42053.2912,35185.9986
2025-04-11,17319.2414,15711.4793,16571.7579,16571.7579,13307.0959
2025-04-12,14451.1057,16359.4390,15276.6540,15276.6540,13034.2692
2025-04-13,42873.6015,43294.5063,39662.5951,39662.5951,34708.4067
2025-04-14,39491.6016,47938.4614,43171.1921,43171.1921,33400.8548
2025-04-15,44739.8326,37203.9946,37923.9252,37923.9252,32659.9428
2025-04-16,41812.4799,41736.0189,40707.1258,40707.1258,35186.5468
2025-04-17,47749.7811,39144.6554,40574.2541,40574.2541,33993.8462
2025-04-18,17798.3569,17212.2111,16998.5663,16998.5663,12477.3501
2025-04-19,18699.9957,19078.9497,14305.9206,14305.9206,12402.4335
2025-04-20,46421.4341,39166.9266,38245.1736,38245.1736,33104.6033
2025-04-21,37286.3264,43259.7543,41303.4785,41303.4785,31360.7578
2025-04-22,52544.5826,38535.3214,39303.5921,39303.5921,33077.5277
2025-04-23,50547.4572,40317.3318,37483.9790,37483.9790,32514.5077
2025-04-24,37669.9909,38724.6501,37906.1322,37906.1322,30855.4793
2025-04-25,15214.0375,14732.7746,14941.8865,14941.8865,11974.6810
2025-04-26,14375.3895,14968.4136,14010.1536,14010.1536,12346.2231
2025-04-27,45760.7471,41587.0524,38203.6095,38203.6095,31855.9702
2025-04-28,43783.1437,40600.1837,40046.5523,40046.5523,35361.8001
2025-04-29,41514.8038,38220.7325,35353.1208,35353.1208,31199.5775
2025-04-30,45871.9721,39763.6199,40139.7810,40139.7810,30803.4024
2025-05-01,43926.9374,42309.4324,39910.7852,39910.7852,34476.7706
2025-05-02,19307.3211,16365.6074,16916.5417,16916.5417,15139.7752
2025-05-03,15871.8407,16379.5429,15963.5071,15963.5071,14528.8625
2025-05-04,36778.1103,43507.3355,45121.5011,45121.5011,33948.4971
2025-05-05,45296.1289,41854.5077,40774.0171,40774.0171,35710.0885
2025-05-06,56392.3946,44645.7279,41820.6667,41820.6667,34609.4203
2025-05-07,53202.8438,40528.8511,40534.0436,40534.0436,36145.0348
2025-05-08,41463.5600,46004.0436,40927.1403,40927.1403,36009.0858
2025-05-09,18759.1773,17996.8097,16817.4187,16817.4187,14240.3102
2025-05-10,18709.8325,16570.2418,17398.2905,17398.2905,14223.8674
2025-05-11,41808.8335,42636.4804,41980.5575,41980.5575,35827.5101
2025-05-12,51008.0091,39141.7597,38721.0304,38721.0304,33906.1515
2025-05-13,42844.5475,42532.2939,42304.7453,42304.7453,34360.5869
2025-05-14,44670.1484,39616.4030,40447.0537,40447.0537,34282.4837
2025-05-15,46061.7504,41856.3678,40700.0140,40700.0140,34340.6462
2025-05-16,15561.4486,15127.6712,15289.2572,15289.2572,13364.1272
2025-05-17,17336.7972,17814.5516,17057.7010,17057.7010,14214.0958
2025-05-18,37540.6115,37344.8412,37551.7274,37551.7274,34177.2738
2025-05-19,36792.2993,35779.4710,36017.0279,36017.0279,31810.7268
2025-05-20,50990.7173,39893.3652,40436.7612,40436.7612,35021.6333
2025-05-21,51772.6495,38926.1723,38697.2285,38697.2285,33761.3627
2025-05-22,45878.2491,39438.9528,38439.3252,38439.3252,33224.3181
2025-05-23,17010.5213,16360.6153,14825.4428,14825.4428,13362.7225
2025-05-24,15810.9088,15543.6252,15047.1177,15047.1177,13160.4401
2025-05-25,37545.2836,35498.8192,36576.6356,36576.6356,32131.9300
2025-05-26,57332.9130,44515.9094,40847.1283,40847.1283,34901.6621
2025-05-27,46983.5211,40767.4143,38238.4586,38238.4586,32288.4040
2025-05-28,38707.1474,36741.4517,36450.3346,36450.3346,33687.6062
2025-05-29,45335.6332,40105.8528,39744.5662,39744.5662,35009.1170
2025-05-30,16431.2842,15419.2921,16366.4385,16366.4385,13519.4933
2025-05-31,15687.2677,15077.2126,15054.3452,15054.3452,13262.4083
2025-06-01,53712.5504,49854.0189,53492.4661,53492.4661,46100.0048
2025-06-02,51357.7817,55162.4980,54362.5309,54362.5309,45205.4242
2025-06-03,48943.5303,50706.8611,49216.6014,49216.6014,44567.9200
2025-06-04,53393.7951,64434.3234,51639.1397,51639.1397,45015.2676
2025-06-05,55402.4012,51007.2331,50744.9508,50744.9508,46350.9628
2025-06-06,24321.1119,28668.0059,27461.3987,27461.3987,20580.3339
2025-06-07,23379.1344,27793.1493,24287.6345,24287.6345,19575.4177
2025-06-08,53680.9742,47121.6295,46974.3078,46974.3078,42743.5273
2025-06-09,50951.8083,52458.0732,51768.5548,51768.5548,46574.3822
2025-06-10,56313.1167,55864.8594,52619.2449,52619.2449,46663.6083
2025-06-11,61626.5401,60277.2396,54472.2364,54472.2364,50413.6337
2025-06-12,52433.4956,51361.2716,51210.3825,51210.1815,47647.7221
2025-06-13,24571.6907,27893.7579,22677.2874,22677.4929,19439.7225
2025-06-14,22054.3073,22518.3112,24062.0662,24061.2973,19332.4901
2025-06-15,63636.9693,50328.5892,50003.6443,50003.8883,45907.8676
2025-06-16,59251.6477,53441.9879,54299.9471,54297.5556,47630.8368
2025-06-17,60825.9488,54134.1403,54575.0685,54574.2129,49043.3981
2025-06-18,52345.8478,53513.0196,50255.7731,50257.4194,46100.7823
2025-06-19,56281.7574,53682.7345,53090.9867,53088.7340,44728.8790
2025-06-20,19931.3903,20382.7946,20915.6716,20916.3850,18099.4237
2025-06-21,20454.0784,18858.4858,18540.3535,18541.5506,17599.3598
2025-06-22,57147.2537,51510.4636,51974.5713,51974.5713,43901.8907
2025-06-23,51901.8379,47344.7333,48312.1979,48313.1787,44252.4251
2025-06-24,56461.4972,58118.8654,55734.6905,55737.7624,50119.9218
2025-06-25,60050.3731,51995.6910,50904.4104,50905.6332,45598.2960
2025-06-26,57921.4418,50341.0906,48659.6496,48659.7226,44057.8283
2025-06-27,23187.6743,22320.2144,24313.9528,24314.4641,17500.6352
2025-06-28,20919.8710,19069.6062,18999.0818,19000.1293,17612.6892
2025-06-29,67759.6986,52895.3293,51001.7089,51001.4619,44750.7556
2025-06-30,52467.2961,54697.9435,51146.6854,51146.9482,45296.8759
2025-07-01,64658.5050,59465.2342,57044.4094,57044.4074,51802.2793
2025-07-02,56209.7559,53596.2691,53849.7434,53849.7434,48055.1929
2025-07-03,58798.6183,56698.1921,56720.5995,56720.5995,52697.5579
2025-07-04,32555.8165,26016.8434,25870.0601,25870.0601,24190.1092
2025-07-05,32610.9295,28491.2120,28454.3100,28454.3100,24544.5835
2025-07-06,74387.9341,58892.6210,58607.7566,58607.7566,53162.7865
2025-07-07,52726.3536,57571.2016,53966.6282,53966.6282,48252.8463
2025-07-08,56503.2016,59479.1520,55098.2746,55098.2746,50549.3554
2025-07-09,53888.3895,54594.0143,53531.3887,53531.3887,48995.7408
2025-07-10,58633.6374,55575.9267,54475.1606,54475.1606,48661.1251
2025-07-11,28357.2114,27548.2423,29235.9959,29235.9959,24190.0153
2025-07-12,36755.2139,26704.1537,26300.6335,26300.6335,24524.9698
2025-07-13,52315.7861,51290.4613,53561.6680,53561.6680,46663.1819
2025-07-14,53942.4096,55275.2228,53208.7550,53208.7550,47799.4005
2025-07-15,52374.9340,59701.4973,58620.6053,58620.6053,48078.4781
2025-07-16,58669.5281,57763.9834,52564.7060,52564.7060,47883.7576
2025-07-17,62084.6674,54598.1128,53943.7586,53943.7586,48603.3612
2025-07-18,30938.3167,26238.5207,29702.4627,29702.4627,23430.1804
2025-07-19,29693.9989,33722.2705,27835.8979,27835.8979,24094.1945
2025-07-20,54889.8207,52113.9615,52041.1244,52041.1244,47588.9617
2025-07-21,53350.8653,62078.1452,53375.4581,53375.4581,49025.0067
2025-07-22,57388.4561,58709.2283,54706.6618,54706.6618,48769.4536
2025-07-23,55531.9886,60814.0070,60130.4153,60130.4153,49381.9819
2025-07-24,54401.4703,54496.0950,54408.3103,54408.3103,48881.1357
2025-07-25,30564.1070,27265.4191,27731.2847,27731.2847,23134.3425
2025-07-26,27225.1799,26096.6613,26080.9611,26080.9611,23453.2462
2025-07-27,62517.2491,57493.8357,54940.5269,54940.5269,48782.0939
2025-07-28,63990.9496,57560.6581,57768.7742,57768.7742,51362.5082
2025-07-29,63370.4427,55999.2572,54757.3210,54757.3210,49937.3645
2025-07-30,76085.9705,54927.7964,55761.6263,55761.6263,49027.2174
2025-07-31,67919.9206,58640.6486,55938.9280,55938.9280,49551.3558
2025-08-01,27004.3777,28958.5263,26834.4802,26834.4802,22684.6330
2025-08-02,24666.6775,26866.6193,26706.5021,26706.5021,22572.8574
2025-08-03,51539.7892,48728.5208,51029.9800,51029.9800,42900.0752
2025-08-04,51762.9347,48680.0898,52375.8985,52375.8985,44032.3467
2025-08-05,55918.4370,49298.9002,49322.6371,49322.6371,43572.6925
2025-08-06,57903.1451,53248.0532,51241.2227,51241.2227,45711.9564
2025-08-07,51582.9075,49233.0740,48911.0947,48911.0947,43024.0262
2025-08-08,24465.9173,24246.0641,24294.7504,24294.7504,22194.6338
2025-08-09,25840.9427,26910.7694,25993.6735,25993.6735,22408.1746
2025-08-10,54561.4302,51240.9500,51170.2455,51170.2455,43889.1549
2025-08-11,52790.6978,48505.8958,47685.4248,47685.4248,43592.1060
2025-08-12,51991.3959,50510.6788,49558.2956,49558.2956,45570.0608
2025-08-13,59369.4279,50457.0410,49234.9100,49234.9100,44058.1097
2025-08-14,56548.8887,50131.0588,49172.8557,49172.8557,44562.8187
2025-08-15,25133.8643,24761.6434,25344.8819,25344.8819,22433.8453
2025-08-16,26931.8934,26221.9186,25865.9504,25865.9504,22510.5128
2025-08-17,49316.8189,48867.7330,47367.1381,47367.1381,43102.5782
2025-08-18,48180.8548,47060.6664,47668.8990,47668.8990,43682.2291
2025-08-19,49541.7375,53478.4869,48551.1720,48551.1720,43574.4505
2025-08-20,56160.6971,56523.6603,54068.6610,54068.6610,46925.9546
2025-08-21,48095.3716,53878.6153,49489.2022,49489.2022,44105.3481
2025-08-22,26450.1518,28603.9056,28006.5281,28006.5281,23368.5662
2025-08-23,29094.4076,27963.7401,26605.3329,26605.3329,22798.8682
2025-08-24,49784.3849,60145.4198,47909.2985,47909.2985,43918.2649
2025-08-25,57816.2583,56619.5158,57666.3983,57666.3983,47266.9656
2025-08-26,55754.4253,51147.7040,50081.6507,50081.6507,44416.2688
2025-08-27,63808.7380,52627.3274,50730.3834,50730.3834,45902.4756
2025-08-28,67260.5057,55501.0596,54156.2496,54156.2496,47018.8127
2025-08-29,25079.6949,28833.9244,25759.3678,25759.3678,23224.6978
2025-08-30,25933.9724,25089.6349,24898.2257,24898.2257,23200.7472
2025-08-31,61843.7336,52059.8509,51331.8892,51331.8892,45062.1506
2025-09-01,41851.8144,47539.2956,40246.1026,40246.1026,35519.0009
2025-09-02,46753.6003,41839.8652,41459.9089,41459.9089,35937.6629
2025-09-03,42639.3951,44202.1278,42613.4963,42613.4963,37163.3678
2025-09-04,42471.8515,42268.4181,43545.7235,43545.7235,36711.6178
2025-09-05,19258.2649,20016.8281,20182.6249,20182.6249,16249.6340
2025-09-06,18139.1045,17972.9885,18440.6672,18440.6672,16405.2688
2025-09-07,49003.1451,41930.3707,41316.2962,41316.2962,36350.2583
2025-09-08,48331.6990,45023.3548,42920.2604,42920.2604,39143.3868
2025-09-09,49481.5290,42509.0624,41611.9089,41611.9089,36848.9234
2025-09-10,47732.7527,54015.5603,45639.6997,45639.6997,40079.2657
2025-09-11,47112.3510,44013.3492,42550.6873,42550.6873,36648.4491
2025-09-12,21047.7414,21119.9788,19676.0672,19676.0672,17018.6342
2025-09-13,19355.4962,19755.2288,19021.8470,19021.8470,17082.3363
2025-09-14,44025.2459,46363.2652,43664.0762,43664.0762,39485.7177
2025-09-15,51010.4198,44617.3177,43516.5208,43516.5208,37555.3127
2025-09-16,44777.3840,43337.4642,43064.7810,43064.7810,39323.2897
2025-09-17,46563.7988,47020.6705,44842.0271,44842.0271,39471.8609
2025-09-18,55883.9496,44391.4344,43044.5294,43044.5294,39213.4020
2025-09-19,21759.9058,19791.0953,19583.9525,19583.9525,17357.0518
2025-09-20,20138.7165,20225.6235,21582.2942,21582.2942,17479.1539
2025-09-21,42336.0849,41515.3328,42402.1677,42402.1677,38679.6903
2025-09-22,46134.1879,48527.5605,47986.3303,47986.3303,40093.6981
2025-09-23,44206.9273,43980.2785,44851.9105,44851.9105,41395.4992
2025-09-24,59174.7868,49651.1877,45306.8763,45306.8763,40321.1341
2025-09-25,46691.0377,44306.9818,44081.8636,44081.8636,40074.6224
2025-09-26,19030.4824,20253.0433,20828.7301,20828.7301,17049.3331
2025-09-27,26531.5983,20331.4940,20199.0761,20199.0761,18461.8737
2025-09-28,51677.2715,48493.4464,46618.7518,46618.7518,41674.5251
2025-09-29,44937.8781,57160.5173,52566.3401,52566.3401,41591.4112
2025-09-30,60172.2753,50328.7452,49359.8973,49359.8973,43439.3249
2025-10-01,38247.3344,38045.2116,37271.0550,37271.0550,34371.0820
2025-10-02,41854.7625,40461.3016,40412.6654,40412.6654,34309.4436
2025-10-03,17561.1138,16721.9259,16284.4402,16284.4402,14580.9827
2025-10-04,17041.8610,18568.1834,19314.4838,19314.4838,15500.2550
2025-10-05,41791.5818,43930.0125,41396.4632,41396.4632,35750.6855
2025-10-06,57058.6522,43210.8178,44215.5794,44215.5794,37603.9787
2025-10-07,46095.6507,44234.5803,41164.9353,41164.9353,37614.4555
2025-10-08,46832.6759,44152.1971,42178.4239,42178.4239,36833.5608
2025-10-09,43321.1648,48121.1966,45760.5054,45760.5054,36853.0164
2025-10-10,17617.6104,18447.2040,19866.6147,19866.6147,15806.5846
2025-10-11,17862.6601,18588.5457,18500.5575,18500.5575,15896.4655
2025-10-12,45541.2039,45074.3228,46020.2111,46020.2111,38104.6710
2025-10-13,44948.0709,48117.2766,46898.4710,46898.4710,37591.0374
2025-10-14,48486.9136,58877.1675,50414.7875,50414.7875,39826.4530
2025-10-15,46440.2195,54618.0159,49011.9759,49011.9759,40141.5923
2025-10-16,50084.0771,48168.4398,46414.6037,46414.6037,41432.1782
2025-10-17,26656.7444,21547.2709,19835.6787,19835.6787,16024.2852
2025-10-18,20435.7927,18439.4724,19452.3610,19452.3610,16125.7312
2025-10-19,46962.3882,46493.4895,48444.6997,48444.6997,42008.2548
2025-10-20,46815.7649,47249.0811,47368.0244,47368.0244,42225.8252
2025-10-21,53108.3476,47629.4852,47511.8052,47511.8052,43143.5366
2025-10-22,50452.3271,55356.0047,46755.8344,46755.8344,43052.6153
2025-10-23,51616.2634,57869.9334,52959.4790,52959.4790,41575.7854
2025-10-24,24748.3354,21333.1273,20907.7679,20907.7679,17100.2642
2025-10-25,19735.7403,21233.6210,19776.6811,19776.6811,16807.1140
2025-10-26,48210.1834,56396.7151,51757.2045,51757.2045,42059.2713
2025-10-27,49769.1290,47475.6422,46324.1494,46324.1494,42050.6589
2025-10-28,58779.7556,48947.3002,48560.8230,48560.8230,43228.4183
2025-10-29,51217.5116,48711.6155,48416.1580,48416.1580,45548.6198
2025-10-30,55487.0072,51618.0235,50512.7307,50512.7307,42666.9051
2025-10-31,21466.2012,21742.0518,21354.4086,21354.4086,17428.3649
2025-11-01,21607.0635,22676.7733,20295.2780,20295.2780,17159.1033
2025-11-02,55328.1892,50682.2676,49218.6857,49218.6857,45301.8592
2025-11-03,48925.7600,51285.4589,51111.6846,51111.6846,45284.9331
2025-11-04,50090.3662,48039.6393,48378.2502,48378.2502,44560.4962
2025-11-05,51353.2174,56639.8761,51722.0995,51722.0995,45730.5900
2025-11-06,53982.1577,50971.2773,50668.4504,50668.4504,47023.1101
2025-11-07,20943.3246,19177.1634,19230.4501,19230.4501,17753.1432
2025-11-08,19334.5560,21835.7258,20295.3770,20295.3770,17406.7709
2025-11-09,51184.0723,52338.7416,50378.5088,50378.5088,47052.6452
2025-11-10,56394.1573,52739.8913,52315.9417,52315.9417,48785.2874
2025-11-11,50986.4413,50737.0765,50734.6891,50734.6891,47286.1733
2025-11-12,52372.1594,51984.5373,51776.4568,51776.4568,47070.3715
2025-11-13,63473.2002,54397.5469,52715.2816,52715.2816,47745.2587
2025-11-14,24431.1066,30765.2565,24075.4925,24075.4925,18119.6378
2025-11-15,19658.5290,21116.7482,21742.7502,21742.7502,18223.1429
2025-11-16,57181.9427,52760.0184,52397.9705,52397.9705,49450.4235
2025-11-17,62195.6536,53428.6964,52099.6761,52099.6761,48098.8955
2025-11-18,57839.5782,59916.3443,53778.6466,53778.6466,49399.8460
2025-11-19,60672.6622,55528.4494,54114.3827,54114.3827,50064.7470
2025-11-20,59364.4760,54377.1054,52625.2372,52625.2372,49592.4821
2025-11-21,25431.5132,19979.9583,19842.0355,19842.0355,18490.8653
2025-11-22,20524.4863,22213.5360,21092.2599,21092.2599,18834.4419
2025-11-23,60544.3090,53633.4013,52995.5881,52995.5881,50007.7318
2025-11-24,57621.3120,53592.4454,53135.9130,53135.9130,49126.0374
2025-11-25,55162.3353,53870.6442,53740.8468,53740.8468,50459.5786
2025-11-26,56357.3385,53695.2446,53825.4519,53825.4519,50958.0516
2025-11-27,56091.8534,54894.6783,53881.1970,53881.1970,50388.7536
2025-11-28,22874.6645,19911.4093,20191.9734,20191.9734,18971.0470
2025-11-29,22796.2414,24805.4858,22240.3328,22240.3328,20056.4425
2025-11-30,62842.6018,56930.0870,56330.8282,56330.8282,53469.2918
2025-12-01,60984.4402,62274.6431,62611.4985,62611.4985,57888.6538
2025-12-02,62996.3087,62512.1760,62376.3835,62376.3835,59671.8712
2025-12-03,74369.0788,61973.0150,61747.1583,61747.1583,58096.6995
2025-12-04,66333.3590,62139.1630,62037.9533,62037.9533,58340.5312
2025-12-05,26740.9752,25635.2446,25642.4812,25642.4812,23545.3833
2025-12-06,25961.3027,28711.5068,26665.2160,26665.2160,24709.0785
2025-12-07,62399.8138,65570.9517,63438.2541,63438.2541,58824.8948
2025-12-08,63615.6991,63049.7638,61855.5023,61855.5023,58819.7997
2025-12-09,63356.2951,63117.7170,62160.5237,62160.5237,58977.5766
2025-12-10,67461.9586,62726.1435,61387.7246,61387.7246,59073.1212
2025-12-11,59888.0870,61928.1925,60212.5536,60212.5536,57566.6045
2025-12-12,29915.7215,27847.2168,26915.6975,26915.6975,24669.4232
2025-12-13,31130.5944,27876.3080,26983.3530,26983.3530,24737.9061
2025-12-14,70798.9300,63322.1385,63001.5839,63001.5839,59674.3602
2025-12-15,73928.7433,63671.6213,63537.6979,63537.6979,59978.6267
2025-12-16,62655.7217,62850.2860,62323.0586,62323.0586,60046.4145
2025-12-17,61752.6749,64030.5308,62635.6177,62635.6177,58961.7749
2025-12-18,63547.1324,61151.9386,60666.8653,60666.8653,58860.0581
2025-12-19,31456.2757,26321.8513,26936.2587,26936.2587,24484.3186
2025-12-20,26252.8142,27876.4260,27463.8950,27463.8950,24362.5820
2025-12-21,62709.6499,63990.2297,63394.6540,63394.6540,59747.8134
2025-12-22,64759.1449,64164.0225,61974.4596,61974.4596,59765.8123
2025-12-23,61873.9184,62989.7994,61691.7657,61691.7657,58484.2663
2025-12-24,61548.6115,61294.5537,62172.8909,62172.8909,59182.6309
2025-12-25,68473.4115,66864.3758,63053.0359,63053.0359,58887.3817
2025-12-26,31829.2350,30067.7583,27665.7674,27665.7674,24387.6885
2025-12-27,29699.1377,26759.5720,26643.5447,26643.5447,24572.6097
2025-12-28,61708.3813,61280.7851,60392.0405,60392.0405,58101.9638
2025-12-29,64054.5151,60805.5180,61038.5711,61038.5711,58406.2338
2025-12-30,62866.9572,62983.5960,62662.3597,62662.3597,57762.6293
2025-12-31,63466.3473,61922.0475,61561.6136,61561.6136,59612.0289
