时段序号,时段起,时段止,电价_元每kWh,负载_kW,光伏_kW,计划购电量_kWh,充电量_kWh,放电量_kWh,储电量_kWh
1,0:00,0:10,0.4248,3439.8466,0.0000,1406.6411,833.3333,0.0000,6750.0000
2,0:10,0:20,0.4245,3437.9792,0.0000,1406.3299,833.3333,0.0000,7500.0000
3,0:20,0:30,0.4269,3444.3031,0.0000,1407.3838,833.3333,0.0000,8250.0000
4,0:30,0:40,0.4272,3454.4437,0.0000,1409.0740,833.3333,0.0000,9000.0000
5,0:40,0:50,0.4271,3458.8273,0.0000,1409.8045,833.3333,0.0000,9750.0000
6,0:50,1:00,0.4285,3459.8401,0.0000,576.6400,0.0000,0.0000,9750.0000
7,1:00,1:10,0.4311,3467.1582,0.0000,577.8597,0.0000,0.0000,9750.0000
8,1:10,1:20,0.4302,3467.9632,0.0000,577.9939,0.0000,0.0000,9750.0000
9,1:20,1:30,0.4279,3466.9683,0.0000,911.1614,333.3333,0.0000,10050.0000
10,1:30,1:40,0.4312,3482.4927,0.0000,580.4154,0.0000,0.0000,10050.0000
11,1:40,1:50,0.4333,3495.0841,0.0000,582.5140,0.0000,0.0000,10050.0000
12,1:50,2:00,0.4311,3498.4443,0.0000,583.0740,0.0000,0.0000,10050.0000
13,2:00,2:10,0.4293,3505.2295,0.0000,584.2049,0.0000,0.0000,10050.0000
14,2:10,2:20,0.4324,3512.6387,0.0000,585.4398,0.0000,0.0000,10050.0000
15,2:20,2:30,0.4367,3516.8685,0.0000,586.1447,0.0000,0.0000,10050.0000
16,2:30,2:40,0.4348,3517.9246,0.0000,586.3208,0.0000,0.0000,10050.0000
17,2:40,2:50,0.4335,3518.5518,0.0000,586.4253,0.0000,0.0000,10050.0000
18,2:50,3:00,0.4357,3521.0976,0.0000,586.8496,0.0000,0.0000,10050.0000
19,3:00,3:10,0.4374,3526.9261,0.0000,587.8210,0.0000,0.0000,10050.0000
20,3:10,3:20,0.4371,3537.2854,0.0000,589.5476,0.0000,0.0000,10050.0000
21,3:20,3:30,0.4356,3544.8808,0.0000,590.8135,0.0000,0.0000,10050.0000
22,3:30,3:40,0.4353,3541.2787,0.0000,590.2131,0.0000,0.0000,10050.0000
23,3:40,3:50,0.4360,3546.3976,0.0000,591.0663,0.0000,0.0000,10050.0000
24,3:50,4:00,0.4378,3560.2070,0.0000,593.3678,0.0000,0.0000,10050.0000
25,4:00,4:10,0.4401,3561.9581,0.0000,593.6597,0.0000,0.0000,10050.0000
26,4:10,4:20,0.4389,3556.7183,0.0000,592.7864,0.0000,0.0000,10050.0000
27,4:20,4:30,0.4364,3560.0272,0.0000,593.3379,0.0000,0.0000,10050.0000
28,4:30,4:40,0.4393,3580.6540,0.5994,596.6758,0.0000,0.0000,10050.0000
29,4:40,4:50,0.4422,3586.9160,0.2345,597.7802,0.0000,0.0000,10050.0000
30,4:50,5:00,0.4395,3571.2635,0.2885,595.1625,0.0000,0.0000,10050.0000
31,5:00,5:10,0.4333,3562.3171,18.6781,590.6065,0.0000,0.0000,10050.0000
32,5:10,5:20,0.4439,3591.3809,54.4698,589.4852,0.0000,0.0000,10050.0000
33,5:20,5:30,0.4301,3579.7045,108.9718,578.4554,0.0000,0.0000,10050.0000
34,5:30,5:40,0.3713,3486.1190,184.1603,1383.6598,833.3333,0.0000,10800.0000
35,5:40,5:50,0.5708,3823.8994,277.0582,591.1402,0.0000,0.0000,10800.0000
36,5:50,6:00,0.9099,4398.0727,388.5494,0.0000,0.0000,668.2539,10057.4957
37,6:00,6:10,0.9368,4454.0123,521.2803,0.0000,0.0000,655.4553,9329.2120
38,6:10,6:20,0.8758,4371.7919,672.7677,0.0000,0.0000,616.5040,8644.2075
39,6:20,6:30,0.8759,4392.9530,844.2261,0.0000,0.0000,591.4545,7987.0359
40,6:30,6:40,0.8601,4384.5956,1039.6744,0.0000,0.0000,557.4869,7367.6060
41,6:40,6:50,0.8442,4434.7757,1259.3375,0.0000,0.0000,529.2397,6779.5619
42,6:50,7:00,0.8334,4523.4561,1508.6318,0.0000,0.0000,502.4707,6221.2611
43,7:00,7:10,0.8092,4524.0721,1791.4107,0.0000,0.0000,455.4436,5715.2127
44,7:10,7:20,0.7972,4545.8867,2085.4865,0.0000,0.0000,410.0667,5259.5830
45,7:20,7:30,0.7644,4523.2418,2381.2611,0.0000,0.0000,356.9968,4862.9199
46,7:30,7:40,0.6899,4383.3566,2683.1752,0.0000,0.0000,283.3636,4548.0715
47,7:40,7:50,0.8600,4910.4599,2986.3552,0.0000,0.0000,320.6841,4191.7558
48,7:50,8:00,1.1617,5799.7327,3289.2040,0.0000,0.0000,418.4214,3726.8431
49,8:00,8:10,1.1683,5884.8260,3593.3613,0.0000,0.0000,381.9108,3302.4978
50,8:10,8:20,1.0956,5748.0713,3890.7332,0.0000,0.0000,309.5563,2958.5463
51,8:20,8:30,1.0849,5769.0581,4181.3417,0.0000,0.0000,264.6194,2664.5247
52,8:30,8:40,1.0610,5754.2105,4471.7657,0.0000,0.0000,213.7408,2427.0350
53,8:40,8:50,1.0430,5824.1807,4752.8272,0.0000,0.0000,178.5589,2228.6362
54,8:50,9:00,1.0360,5954.2601,5021.9074,0.0000,0.0000,155.3921,2055.9783
55,9:00,9:10,1.0147,5958.9696,5285.4126,0.0000,0.0000,112.2595,1931.2455
56,9:10,9:20,0.9922,5929.5554,5543.1742,0.0000,0.0000,64.3969,1859.6934
57,9:20,9:30,0.9700,5923.7828,5788.4093,0.0000,0.0000,22.5622,1834.6242
58,9:30,9:40,0.9422,5907.5860,6012.1304,0.0000,17.4241,0.0000,1850.3059
59,9:40,9:50,0.9569,5899.1262,6216.1528,0.0000,52.8378,0.0000,1897.8599
60,9:50,10:00,0.9977,5902.2196,6409.5941,0.0000,84.5624,0.0000,1973.9661
61,10:00,10:10,0.9919,5897.4793,6599.3808,0.0000,116.9836,0.0000,2079.2513
62,10:10,10:20,0.9588,5886.7568,6766.7204,0.0000,146.6606,0.0000,2211.2458
63,10:20,10:30,0.9549,5873.4708,6914.5923,0.0000,173.5203,0.0000,2367.4141
64,10:30,10:40,0.9839,5858.0308,7064.2053,0.0000,201.0291,0.0000,2548.3402
65,10:40,10:50,0.7990,5844.9948,7197.4315,0.0000,225.4061,0.0000,2751.2057
66,10:50,11:00,0.5025,5839.0587,7303.1142,0.0000,244.0093,0.0000,2970.8141
67,11:00,11:10,0.4662,5838.7103,7387.6848,575.1709,833.3333,0.0000,3720.8141
68,11:10,11:20,0.5007,5823.4378,7459.2270,0.0000,272.6315,0.0000,3966.1824
69,11:20,11:30,0.4827,5814.7932,7520.7191,0.0000,284.3210,0.0000,4222.0713
70,11:30,11:40,0.4785,5832.3951,7568.2039,179.2772,468.5786,0.0000,4643.7921
71,11:40,11:50,0.4662,5712.9010,7592.1539,520.1245,833.3333,0.0000,5393.7921
72,11:50,12:00,0.4432,5519.4607,7601.0433,486.4029,833.3333,0.0000,6143.7921
73,12:00,12:10,0.4411,5494.7907,7612.3160,480.4124,833.3333,0.0000,6893.7921
74,12:10,12:20,0.4551,5514.4524,7602.6524,485.3000,833.3333,0.0000,7643.7921
75,12:20,12:30,0.4463,5485.8290,7554.1872,488.6070,833.3333,0.0000,8393.7921
76,12:30,12:40,0.4113,5462.3628,7472.7384,498.2707,833.3333,0.0000,9143.7921
77,12:40,12:50,0.5682,5566.1066,7393.4172,0.0000,304.5518,0.0000,9417.8887
78,12:50,13:00,0.8279,5725.7548,7312.7979,0.0000,264.5072,0.0000,9655.9452
79,13:00,13:10,0.8636,5739.4957,7194.5410,0.0000,242.5075,0.0000,9874.2020
80,13:10,13:20,0.8416,5714.6836,7053.1371,0.0000,223.0756,0.0000,10074.9700
81,13:20,13:30,0.8618,5717.8505,6910.4064,0.0000,198.7593,0.0000,10253.8534
82,13:30,13:40,0.8623,5708.2486,6772.4075,0.0000,177.3598,0.0000,10413.4772
83,13:40,13:50,0.9026,5696.9182,6607.3600,0.0000,151.7403,0.0000,10550.0435
84,13:50,14:00,0.9754,5692.2983,6412.5085,0.0000,120.0350,0.0000,10658.0750
85,14:00,14:10,1.0002,5687.1291,6214.0158,0.0000,87.8144,0.0000,10737.1080
86,14:10,14:20,0.9978,5678.9620,6000.7112,0.0000,53.6249,0.0000,10785.3704
87,14:20,14:30,1.0271,5669.4508,5766.9816,0.0000,16.2551,0.0000,10800.0000
88,14:30,14:40,1.0906,5664.1948,5521.5066,0.0000,0.0000,23.7814,10773.5763
89,14:40,14:50,0.9376,5672.7011,5268.7810,0.0000,0.0000,67.3200,10698.7762
90,14:50,15:00,0.6694,5682.2544,5009.7152,112.0899,0.0000,0.0000,10698.7762
91,15:00,15:10,0.6600,5669.0195,4743.4484,266.7327,112.4708,0.0000,10800.0000
92,15:10,15:20,0.7217,5656.3651,4471.2240,197.5235,0.0000,0.0000,10800.0000
93,15:20,15:30,0.7308,5657.0867,4188.2025,244.8140,0.0000,0.0000,10800.0000
94,15:30,15:40,0.7534,5662.6008,3889.3931,295.5346,-0.0000,0.0000,10800.0000
95,15:40,15:50,0.7823,5669.2596,3594.5946,345.7775,0.0000,0.0000,10800.0000
96,15:50,16:00,0.8055,5673.4767,3303.8878,394.9315,0.0000,0.0000,10800.0000
97,16:00,16:10,0.8271,5671.0146,2998.4247,445.4317,0.0000,0.0000,10800.0000
98,16:10,16:20,0.8519,5661.5926,2687.4131,495.6966,0.0000,0.0000,10800.0000
99,16:20,16:30,0.8791,5665.8922,2383.1779,547.1190,0.0000,0.0000,10800.0000
100,16:30,16:40,0.9024,5689.0372,2089.1246,599.9854,0.0000,0.0000,10800.0000
101,16:40,16:50,0.9163,5603.6614,1791.0829,635.4297,0.0000,0.0000,10800.0000
102,16:50,17:00,0.9264,5466.7124,1501.7283,660.8307,-0.0000,0.0000,10800.0000
103,17:00,17:10,0.9462,5467.3939,1255.1723,702.0369,-0.0000,0.0000,10800.0000
104,17:10,17:20,0.9742,5464.7270,1036.3323,738.0658,0.0000,0.0000,10800.0000
105,17:20,17:30,0.9862,5492.4458,836.7775,775.9447,0.0000,0.0000,10800.0000
106,17:30,17:40,0.9760,5621.7308,665.2313,826.0832,0.0000,0.0000,10800.0000
107,17:40,17:50,1.0742,5091.2126,516.6758,762.4228,0.0000,0.0000,10800.0000
108,17:50,18:00,1.2313,4208.5688,386.6731,636.9826,0.0000,0.0000,10800.0000
109,18:00,18:10,1.2561,4122.7611,275.7933,531.8940,0.0000,109.2673,10678.5919
110,18:10,18:20,1.2447,4255.9358,182.9526,678.8305,0.0000,0.0000,10678.5919
111,18:20,18:30,1.2545,4225.9524,108.3414,686.2685,0.0000,0.0000,10678.5919
112,18:30,18:40,1.2522,4233.3384,54.3121,696.5044,0.0000,0.0000,10678.5919
113,18:40,18:50,1.2881,4246.4625,18.6569,0.0000,0.0000,704.6343,9895.6650
114,18:50,19:00,1.3466,4239.1795,0.2753,0.0000,0.0000,706.4840,9110.6827
115,19:00,19:10,1.3523,4244.6684,0.2296,0.0000,0.0000,707.4065,8324.6755
116,19:10,19:20,1.3445,4251.9187,0.6007,0.0000,0.0000,708.5530,7537.3944
117,19:20,19:30,1.3483,4256.6813,0.0000,0.0000,0.0000,709.4469,6749.1201
118,19:30,19:40,1.3490,4267.3947,0.0000,0.0000,0.0000,711.2324,5958.8618
119,19:40,19:50,1.3473,4269.9750,0.0000,0.0000,0.0000,711.6625,5168.1257
120,19:50,20:00,1.3482,4268.6702,0.0000,0.0000,0.0000,711.4450,4377.6312
121,20:00,20:10,1.3513,4282.2245,0.0000,0.0000,0.0000,713.7041,3584.6267
122,20:10,20:20,1.3400,4291.7049,0.0000,0.0000,0.0000,715.2842,2789.8665
123,20:20,20:30,1.3489,4291.3611,0.0000,0.0000,0.0000,715.2268,1995.1700
124,20:30,20:40,1.3952,4293.9182,0.0000,0.0000,0.0000,715.6530,1200.0000
125,20:40,20:50,1.2226,4295.2135,0.0000,715.8689,0.0000,0.0000,1200.0000
126,20:50,21:00,0.9332,4302.0307,0.0000,717.0051,0.0000,0.0000,1200.0000
127,21:00,21:10,0.9068,4320.9618,0.0000,720.1603,0.0000,0.0000,1200.0000
128,21:10,21:20,0.9371,4302.3292,0.0000,717.0549,0.0000,0.0000,1200.0000
129,21:20,21:30,0.9371,4322.6758,0.0000,720.4460,0.0000,0.0000,1200.0000
130,21:30,21:40,0.9871,4428.8083,0.0000,738.1347,0.0000,-0.0000,1200.0000
131,21:40,21:50,0.7764,4030.1614,0.0000,671.6936,0.0000,-0.0000,1200.0000
132,21:50,22:00,0.4209,3362.7419,0.0000,1393.7903,833.3333,0.0000,1950.0000
133,22:00,22:10,0.3859,3309.3934,0.0000,1384.8989,833.3333,0.0000,2700.0000
134,22:10,22:20,0.4368,3412.9563,0.0000,568.8260,0.0000,0.0000,2700.0000
135,22:20,22:30,0.4198,3381.9313,0.0000,1396.9886,833.3333,0.0000,3450.0000
136,22:30,22:40,0.4186,3386.5592,0.0000,1397.7599,833.3333,0.0000,4200.0000
137,22:40,22:50,0.4241,3400.4846,0.0000,566.7474,0.0000,0.0000,4200.0000
138,22:50,23:00,0.4237,3399.2426,0.0000,1399.8738,833.3333,0.0000,4950.0000
139,23:00,23:10,0.4248,3406.9809,0.0000,567.8302,0.0000,0.0000,4950.0000
140,23:10,23:20,0.4240,3416.1518,0.0000,902.6920,333.3333,0.0000,5250.0000
141,23:20,23:30,0.4220,3421.9811,0.0000,1403.6635,833.3333,0.0000,6000.0000
142,23:30,23:40,0.4240,3429.6923,0.0000,571.6154,0.0000,0.0000,6000.0000
143,23:40,23:50,0.4271,3439.0610,0.0000,573.1768,0.0000,0.0000,6000.0000
144,23:50,24:00,0.4276,3444.7259,0.0000,574.1210,0.0000,0.0000,6000.0000
